ticker,company,industry,form,score,recommended
,497K - CALAMOS INVESTMENT TRUST/IL,,497K,3,False
SNYNF,Sanofi,Pharmaceutical Preparations,6-K,4,False
,497K - JNL SERIES TRUST,,497K,3,False
,497 - MORGAN STANLEY INSTITUTIONAL LIQUIDITY FUNDS,,497,3,False
,4 - Baumann Adam M,,4,3,False
KE,"Kimball Electronics, Inc.",Printed Circuit Boards,4,3,False
,485BXT - Innovator ETFs Trust,,485BXT,3,False
,485BXT - Innovator ETFs Trust,,485BXT,3,False
,497K - CALAMOS INVESTMENT TRUST/IL,,497K,3,False
,4 - Croom Jana T,,4,3,False
KE,"Kimball Electronics, Inc.",Printed Circuit Boards,4,3,False
,485BXT - Innovator ETFs Trust,,485BXT,3,False
,485BXT - Innovator ETFs Trust,,485BXT,3,False
,497K - JNL SERIES TRUST,,497K,3,False
,497K - CALAMOS INVESTMENT TRUST/IL,,497K,3,False
,4 - DeLorenzo Jessica L,,4,3,False
KE,"Kimball Electronics, Inc.",Printed Circuit Boards,4,3,False
MBC,"MasterBrand, Inc.","Wood Household Furniture, (No Upholstered)",425,3,False
AMWD,AMERICAN WOODMARK CORP,"Millwood, Veneer, Plywood, & Structural Wood Members",425,3,False
,497K - JNL SERIES TRUST,,497K,3,False
,497K - CALAMOS INVESTMENT TRUST/IL,,497K,3,False
,497K - CALAMOS INVESTMENT TRUST/IL,,497K,3,False
,4 - Hass Douglas,,4,3,False
KE,"Kimball Electronics, Inc.",Printed Circuit Boards,4,3,False
,497K - JNL SERIES TRUST,,497K,3,False
GRCPY,Canal Plus SA/ADR,,424B3,3,False
,497K - CALAMOS INVESTMENT TRUST/IL,,497K,3,False
,497K - CALAMOS INVESTMENT TRUST/IL,,497K,3,False
,497 - BLACKROCK FUNDS,,497,3,False
,497 - VanEck ETF Trust,,497,3,False
,497K - CALAMOS INVESTMENT TRUST/IL,,497K,3,False
,4 - STOPKO JEFFREY A,,4,3,False
,4 - Korn Steven T,,4,3,False
KE,"Kimball Electronics, Inc.",Printed Circuit Boards,4,3,False
,497K - CALAMOS INVESTMENT TRUST/IL,,497K,3,False
,497K - CALAMOS INVESTMENT TRUST/IL,,497K,3,False
,4/A - FLORSHEIM THOMAS W JR,,4/A,3,False
WEYS,WEYCO GROUP INC,"Wholesale-Apparel, Piece Goods & Notions",4/A,3,False
,497K - JNL SERIES TRUST,,497K,3,False
,497K - CALAMOS INVESTMENT TRUST/IL,,497K,3,False
,497K - CALAMOS INVESTMENT TRUST/IL,,497K,3,False
,497VPU - LINCOLN NEW YORK ACCOUNT N FOR VARIABLE ANNUITIES,,497VPU,3,False
KE,"Kimball Electronics, Inc.",Printed Circuit Boards,4,3,False
,4 - Phillips Richard D,,4,3,False
,497K - CALAMOS INVESTMENT TRUST/IL,,497K,3,False
,497K - CALAMOS INVESTMENT TRUST/IL,,497K,3,False
,497VPU - LINCOLN LIFE VARIABLE ANNUITY ACCOUNT N,,497VPU,3,False
,497K - CALAMOS INVESTMENT TRUST/IL,,497K,3,False
,497VPI - LINCOLN LIFE VARIABLE ANNUITY ACCOUNT N,,497VPI,3,False
,497K - CALAMOS INVESTMENT TRUST/IL,,497K,3,False
,497 - LINCOLN NEW YORK ACCOUNT N FOR VARIABLE ANNUITIES,,497,3,False
,4 - Ptacin Brogan,,4,3,False
,497K - CALAMOS INVESTMENT TRUST/IL,,497K,3,False
,4 - Thomson Kathy R,,4,3,False
KE,"Kimball Electronics, Inc.",Printed Circuit Boards,4,3,False
,497K - CALAMOS INVESTMENT TRUST/IL,,497K,3,False
,497J - MFS Active Exchange Traded Funds Trust,,497J,3,False
,497K - VanEck ETF Trust,,497K,3,False
,497 - LINCOLN LIFE VARIABLE ANNUITY ACCOUNT N,,497,3,False
,485BXT - Listed Funds Trust,,485BXT,3,False
,485BXT - Listed Funds Trust,,485BXT,3,False
,485BXT - Listed Funds Trust,,485BXT,3,False
,485BXT - Listed Funds Trust,,485BXT,3,False
,497K - VanEck ETF Trust,,497K,3,False
,497K - VanEck ETF Trust,,497K,3,False
,4 - Antonakes Steven Louis,,4,3,False
,4 - Henry Kathleen Cloherty,,4,3,False
,497K - VanEck ETF Trust,,497K,3,False
CCD,Calamos Dynamic Convertible & Income Fund,,424B3,1,False
,497K - VanEck ETF Trust,,497K,3,False
,4 - Miller Quincy Lee,,4,3,False
CHY,CALAMOS CONVERTIBLE & HIGH INCOME FUND,,424B3,1,False
,497K - VanEck ETF Trust,,497K,3,False
,424B3 - John Hancock Marathon Asset-Based Lending Fund,,424B3,3,False
,497K - VanEck ETF Trust,,497K,3,False
CHI,CALAMOS CONVERTIBLE OPPORTUNITIES & INCOME FUND,,424B3,1,False
,485BXT - ETF Series Solutions,,485BXT,3,False
,485BXT - ETF Series Solutions,,485BXT,3,False
,497K - VanEck ETF Trust,,497K,3,False
,497K - VanEck ETF Trust,,497K,3,False
,497K - VanEck ETF Trust,,497K,3,False
,497 - Calamos ETF Trust,,497,3,False
,497K - FIDELITY HASTINGS STREET TRUST,,497K,3,False
,497K - FIDELITY HASTINGS STREET TRUST,,497K,3,False
,497 - Calamos Antetokounmpo Sustainable Equities Trust,,497,3,False
,497K - VanEck ETF Trust,,497K,3,False
,497 - CALAMOS ADVISORS TRUST/IL,,497,3,False
,40-17G - Privacore VPC Asset Backed Credit Fund,,40-17G,3,False
,497K - JNL SERIES TRUST,,497K,3,False
,497 - CALAMOS INVESTMENT TRUST/IL,,497,3,False
,497K - JNL SERIES TRUST,,497K,3,False
,40-17G - Privacore PCAAM Alternative Growth Fund,,40-17G,3,False
,497K - JNL SERIES TRUST,,497K,3,False
,497K - VanEck ETF Trust,,497K,3,False
KEQU,KEWAUNEE SCIENTIFIC CORP /DE/,Laboratory Apparatus & Furniture,8-K,5,True
,40-17G - Privacore PCAAM Alternative Income Fund,,40-17G,3,False
,497J - Federated Hermes Short-Intermediate Duration Municipal Trust,,497J,3,False
,497J - Federated Hermes ETF Trust,,497J,3,False
PBR-A,PETROBRAS - PETROLEO BRASILEIRO SA,Crude Petroleum & Natural Gas,6-K,4,False
GEF-B,"GREIF, INC","Metal Shipping Barrels, Drums, Kegs & Pails",8-K,5,True
GTX,Garrett Motion Inc.,Motor Vehicle Parts & Accessories,8-K,5,True
,497 - Columbia Funds Series Trust II,,497,3,False
,497 - Columbia Funds Series Trust II,,497,3,False
,497 - COLUMBIA FUNDS SERIES TRUST,,497,3,False
,485APOS - J.P. Morgan Exchange-Traded Fund Trust,,485APOS,3,False
,485APOS - J.P. Morgan Exchange-Traded Fund Trust,,485APOS,3,False
VERB,"Verb Technology Company, Inc.",Services-Personal Services,8-K,5,True
,497K - Tidal Trust II,,497K,3,False
,497K - Tidal Trust II,,497K,3,False
,497K - Tidal Trust II,,497K,3,False
,497 - JNL INVESTORS SERIES TRUST,,497,3,False
,497K - Tidal Trust II,,497K,3,False
,497K - Tidal Trust II,,497K,3,False
,497K - Tidal Trust II,,497K,3,False
,497K - Tidal Trust II,,497K,3,False
LEG,LEGGETT & PLATT INC,Household Furniture,8-K,5,True
,497K - Tidal Trust II,,497K,3,False
,497K - Tidal Trust II,,497K,3,False
,497 - COLUMBIA FUNDS SERIES TRUST I,,497,3,False
,497K - Tidal Trust II,,497K,3,False
,497K - Tidal Trust II,,497K,3,False
,497K - Tidal Trust II,,497K,3,False
CHSCO,CHS INC,Wholesale-Farm Product Raw Materials,8-K,5,True
,497J - Dreyfus Institutional Reserves Funds,,497J,3,False
,497K - Tidal Trust II,,497K,3,False
,"8-K - Hancock Park Corporate Income, Inc.",,8-K,5,True
UMAC,"Unusual Machines, Inc.",Radio & Tv Broadcasting & Communications Equipment,424B5,3,False
POST,"Post Holdings, Inc.",Grain Mill Products,8-K,5,True
,497K - Tidal Trust II,,497K,3,False
ITOS,"iTeos Therapeutics, Inc.","Biological Products, (No Diagnostic Substances)",8-K,5,True
,497K - Tidal Trust II,,497K,3,False
LINMF,Linear Minerals Corp,Metal Mining,6-K,4,False
GMHS,Gamehaus Holdings Inc.,Services-Computer Processing & Data Preparation,6-K,4,False
BTO,JOHN HANCOCK FINANCIAL OPPORTUNITIES FUND,,424B3,3,False
,497K - Tidal Trust II,,497K,3,False
,497K - Tidal Trust II,,497K,3,False
,497K - Tidal Trust II,,497K,3,False
,"497J - BNY Mellon Absolute Insight Funds, Inc.",,497J,3,False
,497K - Tidal Trust II,,497K,3,False
,497K - Tidal Trust II,,497K,3,False
,497K - Tidal Trust II,,497K,3,False
,497K - Tidal Trust II,,497K,3,False
,497K - Tidal Trust II,,497K,3,False
,497K - Tidal Trust II,,497K,3,False
,497 - JNL SERIES TRUST,,497,3,False
,497J - Tidal Trust I,,497J,3,False
,"497J - Cohen & Steers Low Duration Preferred & Income Fund, Inc.",,497J,3,False
,4 - Lampert Todd,,4,3,False
,497K - Tidal Trust II,,497K,3,False
,497J - BNY Mellon Opportunistic Municipal Securities Fund,,497J,3,False
BLNC,"Balance Labs, Inc.",Services-Management Consulting Services,8-K,5,True
,497K - John Hancock Exchange-Traded Fund Trust,,497K,3,False
,497K - John Hancock Exchange-Traded Fund Trust,,497K,3,False
,497K - John Hancock Exchange-Traded Fund Trust,,497K,3,False
,497K - John Hancock Exchange-Traded Fund Trust,,497K,3,False
,497K - John Hancock Exchange-Traded Fund Trust,,497K,3,False
,497K - John Hancock Exchange-Traded Fund Trust,,497K,3,False
,497K - John Hancock Exchange-Traded Fund Trust,,497K,3,False
,497K - John Hancock Exchange-Traded Fund Trust,,497K,3,False
,497K - John Hancock Exchange-Traded Fund Trust,,497K,3,False
,497K - John Hancock Exchange-Traded Fund Trust,,497K,3,False
,497K - John Hancock Exchange-Traded Fund Trust,,497K,3,False
,497K - John Hancock Exchange-Traded Fund Trust,,497K,3,False
,497K - John Hancock Exchange-Traded Fund Trust,,497K,3,False
,497K - John Hancock Exchange-Traded Fund Trust,,497K,3,False
,497K - John Hancock Exchange-Traded Fund Trust,,497K,3,False
,497K - John Hancock Exchange-Traded Fund Trust,,497K,3,False
TRUE,"TrueCar, Inc.","Services-Computer Programming, Data Processing, Etc.",8-K,5,True
,497K - Voya EQUITY TRUST,,497K,3,False
,497K - Voya EQUITY TRUST,,497K,3,False
,497K - Voya VARIABLE PORTFOLIOS INC,,497K,3,False
,497K - Voya EQUITY TRUST,,497K,3,False
,497K - Voya MUTUAL FUNDS,,497K,3,False
,497K - Voya INVESTORS TRUST,,497K,3,False
,497K - Voya VARIABLE FUNDS,,497K,3,False
,4 - Moeller Philip D,,4,3,False
BWSN,"Babcock & Wilcox Enterprises, Inc.","Heating Equipment, Except Electric & Warm Air Furnaces",4,3,False
RDPTF,Radiopharm Theranostics Ltd,Pharmaceutical Preparations,6-K,4,False
,497 - JP MORGAN MUTUAL FUND INVESTMENT TRUST,,497,3,False
,497 - JP MORGAN FLEMING MUTUAL FUND GROUP INC,,497,3,False
BLDEW,"Blade Air Mobility, Inc.","Air Transportation, Nonscheduled",8-K,5,True
SVREW,SaverOne 2014 Ltd.,Services-Computer Programming Services,6-K,4,False
,497 - JPMORGAN TRUST IV,,497,3,False
RR,RICHTECH ROBOTICS INC.,"General Industrial Machinery & Equipment, NEC",8-K,5,True
JOBY-WT,"Joby Aviation, Inc.",Aircraft,8-K,5,True
BLDEW,"Blade Air Mobility, Inc.","Air Transportation, Nonscheduled",8-K/A,5,True
,497 - JPMORGAN TRUST II,,497,3,False
,497 - JPMorgan Trust I,,497,3,False
,"497 - Cohen & Steers Future of Energy Fund, INC",,497,3,False
,"497 - Cohen & Steers Real Assets Fund, Inc.",,497,3,False
,"497 - COHEN & STEERS PREFERRED SECURITIES & INCOME FUND, INC.",,497,3,False
,"497 - Cohen & Steers International Realty Fund, Inc.",,497,3,False
,497 - COHEN & STEERS GLOBAL INFRASTRUCTURE FUND INC,,497,3,False
,497 - COHEN & STEERS REAL ESTATE SECURITIES FUND INC,,497,3,False
,"497 - COHEN & STEERS GLOBAL REALTY SHARES, INC",,497,3,False
,497 - COHEN & STEERS REALTY SHARES INC,,497,3,False
LTRX,LANTRONIX INC,Computer Communications Equipment,10-K,5,True
NUKKW,Nukkleus Inc.,Services-Management Consulting Services,8-K,5,True
WSUPW,Wheels Up Experience Inc.,"Air Transportation, Nonscheduled",8-K,5,True
MRAI,"Marpai, Inc.","Services-Misc Health & Allied Services, NEC",8-K,5,True
GHM,GRAHAM CORP,General Industrial Machinery & Equipment,8-K,5,True
YYAI,Connexa Sports Technologies Inc.,"Services-Computer Programming, Data Processing, Etc.",8-K,5,True
APLD,Applied Digital Corp.,Services-Computer Processing & Data Preparation,8-K,5,True
SAIC,Science Applications International Corp,Services-Computer Integrated Systems Design,8-K,5,True
WSUPW,Wheels Up Experience Inc.,"Air Transportation, Nonscheduled",424B5,3,False
CVI,CVR ENERGY INC,Petroleum Refining,8-K,5,True
,3 - Sorbe Brian James,,3,2,False
AGCO,AGCO CORP /DE,Farm Machinery & Equipment,3,2,False
SASOF,SASOL LTD,Crude Petroleum & Natural Gas,6-K,4,False
,424B3 - FS Credit Income Fund,,424B3,3,False
SASOF,SASOL LTD,Crude Petroleum & Natural Gas,6-K,4,False
CYTOF,Altamira Therapeutics Ltd.,Pharmaceutical Preparations,6-K,4,False
CROX,"Crocs, Inc.",Rubber & Plastics Footwear,8-K,5,True
LANV-WT,Lanvin Group Holdings Ltd,Apparel & Other Finishd Prods of  Fabrics & Similar Matl,6-K,4,False
SPRC,SciSparc Ltd.,Retail-Auto Dealers & Gasoline Stations,6-K,4,False
LANV-WT,Lanvin Group Holdings Ltd,Apparel & Other Finishd Prods of  Fabrics & Similar Matl,6-K,4,False
FI,FISERV INC,"Services-Business Services, NEC",8-K,5,True
JFBRW,Jeffs' Brands Ltd,Retail-Miscellaneous Retail,424B3,3,False
CHA,Chagee Holdings Ltd.,Retail-Eating & Drinking Places,6-K,4,False
JFBRW,Jeffs' Brands Ltd,Retail-Miscellaneous Retail,6-K,4,False
,4 - Chao James,,4,3,False
WLK,WESTLAKE CORP,Industrial Organic Chemicals,4,3,False
,424B2 - ONTARIO PROVINCE OF,Foreign Governments,424B2,3,False
DD,"DuPont de Nemours, Inc.","Plastic Materials, Synth Resins & Nonvulcan Elastomers",8-K,5,True
DOOO,BRP Inc.,Miscellaneous Transportation Equipment,6-K,4,False
GHRS,GH Research PLC,Pharmaceutical Preparations,6-K,4,False
DOOO,BRP Inc.,Miscellaneous Transportation Equipment,6-K,4,False
MEOBF,MESOBLAST LTD,"Biological Products, (No Diagnostic Substances)",6-K,4,False
BEIGF,BeOne Medicines Ltd.,Pharmaceutical Preparations,8-K,5,True
TRINI,Trinity Capital Inc.,,8-K,5,True
TRINI,Trinity Capital Inc.,,424B2,3,False
RDY,DR REDDYS LABORATORIES LTD,Pharmaceutical Preparations,6-K,4,False
GLAXF,GSK plc,Pharmaceutical Preparations,6-K,4,False
LOTWW,Lotus Technology Inc.,Motor Vehicles & Passenger Car Bodies,6-K,4,False
GRFXY,Graphex Group Ltd,Electrical Industrial Apparatus,6-K,4,False
,"424B3 - FedEx Office & Print Services, Inc",Air Courier Services,424B3,3,False
,424B3 - FEDEX FREIGHT INC,Air Courier Services,424B3,3,False
,424B3 - FEDERAL EXPRESS INTERNATIONAL INC,Air Courier Services,424B3,3,False
,"424B3 - FEDERAL EXPRESS HOLDINGS S A, LLC",Air Courier Services,424B3,3,False
,424B3 - FEDERAL EXPRESS EUROPE INC,Air Courier Services,424B3,3,False
FDX,FEDEX CORP,Air Courier Services,424B3,3,False
,424B3 - FEDERAL EXPRESS CORP,Air Courier Services,424B3,3,False
VSEEW,"VSEE HEALTH, INC.",Services-Health Services,10-K/A,5,True
UTSI,UTSTARCOM HOLDINGS CORP.,"Communications Equipment, NEC",6-K,4,False
,497J - iSHARES TRUST,,497J,3,False
CKDXF,Opthea Ltd,"Biological Products, (No Diagnostic Substances)",6-K,4,False
HLNCF,Haleon plc,"Perfumes, Cosmetics & Other Toilet Preparations",6-K,4,False
,"497J - iShares, Inc.",,497J,3,False
IMPPP,Imperial Petroleum Inc./Marshall Islands,Deep Sea Foreign Transportation of  Freight,6-K,4,False
GASS,StealthGas Inc.,Deep Sea Foreign Transportation of  Freight,6-K,4,False
CISS,C3is Inc.,Deep Sea Foreign Transportation of  Freight,6-K,4,False
,4 - Frommer Richard N.,,4,3,False
PROP,Prairie Operating Co.,Crude Petroleum & Natural Gas,4,3,False
,3 - LEBENSBURGER KENNETH E JR,,3,2,False
GCT,GigaCloud Technology Inc,Retail-Catalog & Mail-Order Houses,3,2,False
ZDAI,Primega Group Holdings Ltd,General Bldg Contractors - Nonresidential Bldgs,6-K,4,False
BHPLF,BHP Group Ltd,Metal Mining,6-K,4,False
PKX,POSCO HOLDINGS INC.,"Steel Works, Blast Furnaces & Rolling Mills (Coke Ovens)",6-K,4,False
MSC,STUDIO CITY INTERNATIONAL HOLDINGS Ltd,Hotels & Motels,6-K,4,False
MLCO,Melco Resorts & Entertainment LTD,Hotels & Motels,6-K,4,False
GCLWW,GCL Global Holdings Ltd,Services-Prepackaged Software,6-K,4,False
ARCT,Arcturus Therapeutics Holdings Inc.,Pharmaceutical Preparations,8-K,5,True
THH,TryHard Holdings Ltd,Services-Miscellaneous Amusement & Recreation,424B5,3,False
,4 - Burke Russell John,,4,3,False
LIFX,"Life360, Inc.",Services-Computer Processing & Data Preparation,4,3,False
ECDAW,"ECD Automotive Design, Inc.",Motor Vehicles & Passenger Car Bodies,10-K/A,5,True
,4 - Nonghyup Bank as trustee of DBAM Vista Credit Investment Trust No. 2,,4,3,False
,4 - VISTA CREDIT STRATEGIC LENDING CORP.,,4,3,False
,4 - Dizon Romeo R,,4,3,False
IRIX,IRIDEX CORP,Electromedical & Electrotherapeutic Apparatus,4,3,False
LITE,Lumentum Holdings Inc.,"Communications Equipment, NEC",4,3,False
,4 - Wupen Yuen,,4,3,False
LITE,Lumentum Holdings Inc.,"Communications Equipment, NEC",4,3,False
,4 - Ali Wajid,,4,3,False
LBSR,LIBERTY STAR URANIUM & METALS CORP.,Metal Mining,8-K,5,True
,4 - Ruemler Timothy James,,4,3,False
STSSW,Sharps Technology Inc.,Surgical & Medical Instruments & Apparatus,4,3,False
IVF,"INVO Fertility, Inc.",Surgical & Medical Instruments & Apparatus,4,3,False
,4 - Szot Matthew K,,4,3,False
,4 - Ryan Barbara,,4,3,False
IVF,"INVO Fertility, Inc.",Surgical & Medical Instruments & Apparatus,4,3,False
IVF,"INVO Fertility, Inc.",Surgical & Medical Instruments & Apparatus,4,3,False
,4 - Goren Andrea,,4,3,False
IVF,"INVO Fertility, Inc.",Surgical & Medical Instruments & Apparatus,4,3,False
,4 - DAVIS TRENT D,,4,3,False
,4 - Messina Rebecca,,4,3,False
IVF,"INVO Fertility, Inc.",Surgical & Medical Instruments & Apparatus,4,3,False
,4 - Neufeld Alissa,,4,3,False
LFVN,Lifevantage Corp,Pharmaceutical Preparations,4,3,False
,4 - Boyster Julie,,4,3,False
LFVN,Lifevantage Corp,Pharmaceutical Preparations,4,3,False
,4 - Fife Steven R,,4,3,False
LFVN,Lifevantage Corp,Pharmaceutical Preparations,4,3,False
,4 - Cunningham Kristen,,4,3,False
LFVN,Lifevantage Corp,Pharmaceutical Preparations,4,3,False
,4 - Aure Carl,,4,3,False
LFVN,Lifevantage Corp,Pharmaceutical Preparations,4,3,False
,"4 - Connect Midstream, LLC",,4,3,False
SMC,Summit Midstream Corp,Natural Gas Transmission,4,3,False
,4 - Tailwater Energy Fund III LP,,4,3,False
,4 - Tailwater Capital LLC,,4,3,False
,4 - Herring Edward,,4,3,False
,4 - Downie Jason H,,4,3,False
IONQ-WT,"IonQ, Inc.",Services-Computer Integrated Systems Design,4,3,False
,4 - TEUBER WILLIAM J JR,,4,3,False
IONQ-WT,"IonQ, Inc.",Services-Computer Integrated Systems Design,4,3,False
,4 - FRANKOLA JIM,,4,3,False
IONQ-WT,"IonQ, Inc.",Services-Computer Integrated Systems Design,3,2,False
,3 - TEUBER WILLIAM J JR,,3,2,False
TRLEF,Trillion Energy International Inc.,Crude Petroleum & Natural Gas,6-K,4,False
,4 - Morben Paul Keith,,4,3,False
OSIS,OSI SYSTEMS INC,Semiconductors & Related Devices,4,3,False
IONQ-WT,"IonQ, Inc.",Services-Computer Integrated Systems Design,3,2,False
,3 - FRANKOLA JIM,,3,2,False
,4 - Okawa Cary M.,,4,3,False
OSIS,OSI SYSTEMS INC,Semiconductors & Related Devices,4,3,False
,4 - Johnson Cole Wayne,,4,3,False
,4 - Grindstaff Glenn,,4,3,False
BESS,Bimergen Energy Corp,Electric Services,4,3,False
OSIS,OSI SYSTEMS INC,Semiconductors & Related Devices,4,3,False
,4 - Stock James L,,4,3,False
,4 - Tran Benjamin B,,4,3,False
BESS,Bimergen Energy Corp,Electric Services,4,3,False
BESS,Bimergen Energy Corp,Electric Services,4,3,False
,4 - Bannerman Montgomery L,,4,3,False
,4 - POTTER VAN H,,4,3,False
BESS,Bimergen Energy Corp,Electric Services,4,3,False
BESS,Bimergen Energy Corp,Electric Services,4,3,False
,4 - SZE VICTOR S,,4,3,False
OSIS,OSI SYSTEMS INC,Semiconductors & Related Devices,4,3,False
,4 - EDRICK ALAN I,,4,3,False
OSIS,OSI SYSTEMS INC,Semiconductors & Related Devices,4,3,False
,4 - CHOPRA DEEPAK,,4,3,False
OSIS,OSI SYSTEMS INC,Semiconductors & Related Devices,4,3,False
,4 - MEHRA AJAY,,4,3,False
OSIS,OSI SYSTEMS INC,Semiconductors & Related Devices,4,3,False
,4 - BRILON ROBERT J,,4,3,False
BESS,Bimergen Energy Corp,Electric Services,4,3,False
,3/A - Skaggs Bernard,,3/A,2,False
PMI,"Picard Medical, Inc.",Surgical & Medical Instruments & Apparatus,3/A,2,False
,3/A - Schuster Matt,,3/A,2,False
PMI,"Picard Medical, Inc.",Surgical & Medical Instruments & Apparatus,3/A,2,False
PMI,"Picard Medical, Inc.",Surgical & Medical Instruments & Apparatus,3/A,2,False
,3/A - SCHNEGELSBERG PATRICK NJ,,3/A,2,False
,"3 - Apollo S3 RIC Management, L.P.",,3,2,False
,3 - Fortress Private Lending Fund,,3,2,False
,3 - APO Corp.,,3,2,False
,"3 - Apollo Principal Holdings B GP, LLC",,3,2,False
,"3 - Apollo Principal Holdings B, L.P.",,3,2,False
,"3 - Apollo Capital Management, L.P.",,3,2,False
,"3 - Apollo Capital Management GP, LLC",,3,2,False
,"3 - Apollo Management Holdings, L.P.",,3,2,False
,"3 - Apollo Management Holdings GP, LLC",,3,2,False
,"4 - Decheng Capital Global Healthcare GP, LLC",,4,3,False
,4 - Decheng Capital Global Healthcare Fund,,4,3,False
,4 - Decheng Capital Management III,,4,3,False
,"4 - Decheng Capital China Life Sciences USD Fund III, L.P.",,4,3,False
BYSI,BeyondSpring Inc.,Pharmaceutical Preparations,4,3,False
,"4 - Decheng Capital China Life Sciences USD Fund II, L.P.",,4,3,False
,4 - Cui Xiangmin,,4,3,False
,4 - Schwab Charles R.,,4,3,False
,4 - LANGER JACK,,4,3,False
TMCWW,TMC the metals Co Inc.,Metal Mining,8-K12B,5,True
,4 - Moak Donald Lee,,4,3,False
WSUPW,Wheels Up Experience Inc.,"Air Transportation, Nonscheduled",4,3,False
,4 - RESSLER ANTONY P,,4,3,False
WSUPW,Wheels Up Experience Inc.,"Air Transportation, Nonscheduled",4,3,False
,4 - Lauria Kristen,,4,3,False
,4 - Kedzior Brian Joseph,,4,3,False
WSUPW,Wheels Up Experience Inc.,"Air Transportation, Nonscheduled",4,3,False
,4 - O'Brien Brandon,,4,3,False
,4 - Holtz David L,,4,3,False
WSUPW,Wheels Up Experience Inc.,"Air Transportation, Nonscheduled",4,3,False
,4 - Godsman David,,4,3,False
WSUPW,Wheels Up Experience Inc.,"Air Transportation, Nonscheduled",4,3,False
,4 - Gibson Christopher,,4,3,False
RXRX,"RECURSION PHARMACEUTICALS, INC.","Biological Products, (No Diagnostic Substances)",4,3,False
,4 - Briffa Mark,,4,3,False
WSUPW,Wheels Up Experience Inc.,"Air Transportation, Nonscheduled",4,3,False
,4 - O'Sullivan Anthony,,4,3,False
TMCWW,TMC the metals Co Inc.,Metal Mining,4,3,False
SRFM,SURF AIR MOBILITY INC.,"Air Transportation, Nonscheduled",4,3,False
,4 - D'AGOSTINO JOHN J.,,4,3,False
,4 - Emerald Green Trust,,4,3,False
XOSWW,"Xos, Inc.",Motor Vehicle Parts & Accessories,4,3,False
,3 - Bibb John T,,3,2,False
ZYXI,ZYNEX INC,Electromedical & Electrotherapeutic Apparatus,3,2,False
,4 - Labe James,,4,3,False
TPVG,TriplePoint Venture Growth BDC Corp.,,4,3,False
,4 - Srivastava Sajal,,4,3,False
TPVG,TriplePoint Venture Growth BDC Corp.,,4,3,False
,3/A - Cabell Christopher,,3/A,2,False
IKT,"Inhibikase Therapeutics, Inc.","Biological Products, (No Diagnostic Substances)",3/A,2,False
IKT,"Inhibikase Therapeutics, Inc.","Biological Products, (No Diagnostic Substances)",3/A,2,False
,3/A - Aurentz Vincent,,3/A,2,False
IKT,"Inhibikase Therapeutics, Inc.","Biological Products, (No Diagnostic Substances)",4,3,False
,4 - Munshi Amit,,4,3,False
GTCH,GBT Technologies Inc.,Services-Management Consulting Services,8-K,5,True
,4 - Rainer David I,,4,3,False
QTTB,Q32 Bio Inc.,Pharmaceutical Preparations,4,3,False
,4 - Morrison Jodie Pope,,4,3,False
VALE,Vale S.A.,Metal Mining,6-K,4,False
,4 - Williams Laura A,,4,3,False
ARDX,"ARDELYX, INC.",Pharmaceutical Preparations,4,3,False
NWSAL,NEWS CORP,Newspapers: Publishing or  Publishing & Printing,8-K,5,True
,4 - Kelliher Mike,,4,3,False
ARDX,"ARDELYX, INC.",Pharmaceutical Preparations,4,3,False
UAMY,UNITED STATES ANTIMONY CORP,Primary Smelting & Refining of  Nonferrous Metals,8-K,5,True
,4 - Violette Shelia M.,,4,3,False
QTTB,Q32 Bio Inc.,Pharmaceutical Preparations,4,3,False
,3 - Schmit Jennifer Laura,,3,2,False
RBA,RB GLOBAL INC.,"Services-Business Services, NEC",3,2,False
ALAB,"Astera Labs, Inc.",Semiconductors & Related Devices,4,3,False
,4 - LAZAR JACK R,,4,3,False
QTTB,Q32 Bio Inc.,Pharmaceutical Preparations,4,3,False
,4 - Kalowski Lee,,4,3,False
,4 - SHEETS JUSTIN D,,4,3,False
MTRX,MATRIX SERVICE CO,Construction - Special Trade Contractors,4,3,False
,4 - AUSTIN NANCY E,,4,3,False
MTRX,MATRIX SERVICE CO,Construction - Special Trade Contractors,4,3,False
PAY,"Paymentus Holdings, Inc.","Services-Business Services, NEC",4,3,False
,4 - Palumbo Robert,,4,3,False
,4 - MONTALBANO DOUGLAS J,,4,3,False
MTRX,MATRIX SERVICE CO,Construction - Special Trade Contractors,4,3,False
PAY,"Paymentus Holdings, Inc.","Services-Business Services, NEC",4,3,False
,4 - Barnds Thomas,,4,3,False
,4 - Malinowski Adam,,4,3,False
PAY,"Paymentus Holdings, Inc.","Services-Business Services, NEC",4,3,False
,4 - PAYNE SHAWN P,,4,3,False
MTRX,MATRIX SERVICE CO,Construction - Special Trade Contractors,4,3,False
,4 - Cavanah Kevin S,,4,3,False
MTRX,MATRIX SERVICE CO,Construction - Special Trade Contractors,4,3,False
,4 - Chase Valerie,,4,3,False
,4 - Klein Jason,,4,3,False
PAY,"Paymentus Holdings, Inc.","Services-Business Services, NEC",4,3,False
,4 - HEWITT JOHN R,,4,3,False
MTRX,MATRIX SERVICE CO,Construction - Special Trade Contractors,4,3,False
,4 - AKKR SC GPI HoldCo LP,,4,3,False
,4 - AKKR STRATEGIC CAPITAL LP,,4,3,False
,"4 - Accel-KKR Holdings GP, LLC",,4,3,False
,"4 - Accel-KKR Members Fund, LLC",,4,3,False
PAY,"Paymentus Holdings, Inc.","Services-Business Services, NEC",4,3,False
,"4 - ACCEL-KKR CAPITAL PARTNERS CV III, LP",,4,3,False
,"4 - ACCEL-KKR GROWTH CAPITAL PARTNERS III, LP",,4,3,False
,"4 - Accel-KKR Growth Capital Partners II Strategic Fund, LP",,4,3,False
,"4 - Accel-KKR Growth Capital Partners II, LP",,4,3,False
,4 - Daul Ty P.,,4,3,False
,4 - Tompkins Mark N.,,4,3,False
,4 - Jacobs Ian Seth,,4,3,False
,4 - WATSON CHARLES L.,,4,3,False
,4 - Tompkins Mark N.,,4,3,False
,4 - Jacobs Ian Seth,,4,3,False
,4 - MURDOCH JAMES R,,4,3,False
TSLA,"Tesla, Inc.",Motor Vehicles & Passenger Car Bodies,4,3,False
,3 - Raciti Frank B.,,3,2,False
,3 - Mallinckrodt plc,Pharmaceutical Preparations,3,2,False
,4 - Nicolas Andrea Liria,,4,3,False
,4 - Richmond C Bradford,,4,3,False
BJRI,BJs RESTAURANTS INC,Retail-Eating  Places,4,3,False
,4 - Xie Jian,,4,3,False
FLGT,"Fulgent Genetics, Inc.",Services-Medical Laboratories,4,3,False
FLGT,"Fulgent Genetics, Inc.",Services-Medical Laboratories,4,3,False
,4 - Hsieh Ming,,4,3,False
FLGT,"Fulgent Genetics, Inc.",Services-Medical Laboratories,4,3,False
,4 - Kim Paul,,4,3,False
,4 - Gao Hanlin,,4,3,False
FLGT,"Fulgent Genetics, Inc.",Services-Medical Laboratories,4,3,False
MBRX,"Moleculin Biotech, Inc.",Pharmaceutical Preparations,8-K,5,True
HOTH,"Hoth Therapeutics, Inc.",Pharmaceutical Preparations,4,3,False
,4 - Knie Robb,,4,3,False
BAK,BRASKEM SA,Industrial Organic Chemicals,6-K,4,False
,4 - Liu Liang Chiu-Chu Sara,,4,3,False
SMCI,"Super Micro Computer, Inc.",Electronic Computers,4,3,False
,4 - Liang Charles,,4,3,False
SMCI,"Super Micro Computer, Inc.",Electronic Computers,4,3,False
HLIO,"HELIOS TECHNOLOGIES, INC.",Miscellaneous Fabricated Metal Products,8-K,5,True
,4 - Anderson Aaron,,4,3,False
META,"Meta Platforms, Inc.","Services-Computer Programming, Data Processing, Etc.",4,3,False
,4 - Noto Anthony,,4,3,False
MYPSW,"PLAYSTUDIOS, Inc.",Services-Prepackaged Software,4,3,False
,4 - PASCAL ANDREW S,,4,3,False
,4 - Oh Irene H,,4,3,False
,4 - Newstead Jennifer,,4,3,False
META,"Meta Platforms, Inc.","Services-Computer Programming, Data Processing, Etc.",4,3,False
SVIIW,Spring Valley Acquisition Corp. II,Miscellaneous Metal Ores,425,3,False
,4 - TEO GARY,,4,3,False
,4 - Tomey Alex,,4,3,False
GIC,GLOBAL INDUSTRIAL Co,Wholesale-Industrial Machinery & Equipment,4,3,False
,4 - ADINA STORCH,,4,3,False
GIC,GLOBAL INDUSTRIAL Co,Wholesale-Industrial Machinery & Equipment,4,3,False
,4 - Shetty Manoj,,4,3,False
GIC,GLOBAL INDUSTRIAL Co,Wholesale-Industrial Machinery & Equipment,4,3,False
,4 - Mercier Laurent,,4,3,False
COTY,COTY INC.,"Perfumes, Cosmetics & Other Toilet Preparations",4,3,False
,4 - Longhito Christopher,,4,3,False
GIC,GLOBAL INDUSTRIAL Co,Wholesale-Industrial Machinery & Equipment,4,3,False
,4 - Hughes Claudia,,4,3,False
GIC,GLOBAL INDUSTRIAL Co,Wholesale-Industrial Machinery & Equipment,4,3,False
,4 - Clark Thomas Eugene,,4,3,False
GIC,GLOBAL INDUSTRIAL Co,Wholesale-Industrial Machinery & Equipment,4,3,False
,4 - Fielding Donna,,4,3,False
GIC,GLOBAL INDUSTRIAL Co,Wholesale-Industrial Machinery & Equipment,4,3,False
,4 - AXMACHER THOMAS,,4,3,False
GIC,GLOBAL INDUSTRIAL Co,Wholesale-Industrial Machinery & Equipment,4,3,False
,4 - West Tony,,4,3,False
UBER,"Uber Technologies, Inc","Services-Business Services, NEC",4,3,False
,4 - ARMSTRONG LISA,,4,3,False
GIC,GLOBAL INDUSTRIAL Co,Wholesale-Industrial Machinery & Equipment,4,3,False
,4 - Zamiska Gene M.,,4,3,False
WDC,WESTERN DIGITAL CORP,Computer Storage Devices,4,3,False
,4 - Tregillis Cynthia L,,4,3,False
WDC,WESTERN DIGITAL CORP,Computer Storage Devices,4,3,False
,4 - Tan Irving,,4,3,False
WDC,WESTERN DIGITAL CORP,Computer Storage Devices,4,3,False
,4 - Shihab Ahmed Mohammed,,4,3,False
WDC,WESTERN DIGITAL CORP,Computer Storage Devices,4,3,False
,4 - Sennesael Kris,,4,3,False
WDC,WESTERN DIGITAL CORP,Computer Storage Devices,4,3,False
,4 - Gubbi Vidyadhara K,,4,3,False
WDC,WESTERN DIGITAL CORP,Computer Storage Devices,4,3,False
,4 - Davis Brian Scott,,4,3,False
WDC,WESTERN DIGITAL CORP,Computer Storage Devices,4,3,False
ALKT,"ALKAMI TECHNOLOGY, INC.",Services-Prepackaged Software,4,3,False
,4 - Shootman Alex,,4,3,False
,3 - Suhadolnik Kate Eileen,,3,2,False
GWH-WT,"ESS Tech, Inc.","Miscellaneous Electrical Machinery, Equipment & Supplies",3,2,False
,3 - Trivedi Jigish Dhirajlal,,3,2,False
GWH-WT,"ESS Tech, Inc.","Miscellaneous Electrical Machinery, Equipment & Supplies",3,2,False
,4 - MCNEILL BRIAN W,,4,3,False
UONEK,"URBAN ONE, INC.",Radio Broadcasting Stations,4,3,False
,4 - Grasso Alfred,,4,3,False
NTCT,NETSCOUT SYSTEMS INC,Services-Computer Integrated Systems Design,4,3,False
,4 - Abdalla Zein,,4,3,False
CTSH,COGNIZANT TECHNOLOGY SOLUTIONS CORP,Services-Computer Programming Services,4,3,False
,3 - Paszterko John Andrew,,3,2,False
NRDY,Nerdy Inc.,Services-Educational Services,3,2,False
,4 - MOW RAYMOND,,4,3,False
,4 - BAKKEN SCOTT,,4,3,False
UUUU,ENERGY FUELS INC,Mining & Quarrying of  Nonmetallic Minerals (No Fuels),4,3,False
,4 - Bates Jonathan Robert,,4,3,False
,4 - Innovative Digital Investors Emerging Technology LP,,4,3,False
,4 - Stanton Marshall S.,,4,3,False
AORT,"ARTIVION, INC.",Surgical & Medical Instruments & Apparatus,4,3,False
,3 - Carlson Christopher,,3,2,False
RBA,RB GLOBAL INC.,"Services-Business Services, NEC",3,2,False
MYSEW,"Myseum, Inc.",Telegraph & Other Message Communications,4,3,False
,4 - Myman Darin M,,4,3,False
JHIUF,James Hardie Industries plc,"Concrete Products, Except Block & Brick",6-K,4,False
,4 - Wren Chris,,4,3,False
PLNH,Planet 13 Holdings Inc.,Agricultural Production-Crops,4,3,False
,3 - Sprung Lloyd A.,,3,2,False
CMTL,COMTECH TELECOMMUNICATIONS CORP /DE/,Radio & Tv Broadcasting & Communications Equipment,3,2,False
,4 - SIEGERT PAUL ERIC,,4,3,False
KOSS,KOSS CORP,Household Audio & Video Equipment,10-K,5,True
,4 - Groesbeck Robert,,4,3,False
PLNH,Planet 13 Holdings Inc.,Agricultural Production-Crops,4,3,False
,4 - Benioff Marc,,4,3,False
CRM,"Salesforce, Inc.",Services-Prepackaged Software,4,3,False
,485APOS - Janus Detroit Street Trust,,485APOS,3,False
,485APOS - Janus Detroit Street Trust,,485APOS,3,False
PRVA,"Privia Health Group, Inc.",Services-Health Services,8-K,5,True
,4 - KELLOGG W K FOUNDATION TRUST,,4,3,False
,4 - KELLOGG W K FOUNDATION,,4,3,False
K,KELLANOVA,Grain Mill Products,4,3,False
,497VPI - FS VARIABLE SEPARATE ACCOUNT,,497VPI,3,False
,497 - FS VARIABLE SEPARATE ACCOUNT,,497,3,False
,4 - Gottschalk Max,,4,3,False
PMNT,Perfect Moment Ltd.,Apparel & Other Finishd Prods of  Fabrics & Similar Matl,4,3,False
SION,"Sionna Therapeutics, Inc.",Pharmaceutical Preparations,4,3,False
,4 - Cloonan Michael,,4,3,False
